columns,weights
NA_Sales,0.6199682712370949
EU_Sales,0.37314462078266475
JP_Sales,0.0
Other_Sales,0.00688710798024042
